{
	"start":	{
		"connected":	[{
				"socket":	5,
				"local_host":	"10.0.0.1",
				"local_port":	36804,
				"remote_host":	"10.0.0.2",
				"remote_port":	5201
			}],
		"version":	"iperf 3.7",
		"system_info":	"Linux mininet-vm 5.4.0-42-generic #46-Ubuntu SMP Fri Jul 10 00:24:02 UTC 2020 x86_64",
		"timestamp":	{
			"time":	"Mon, 25 Sep 2023 11:56:43 GMT",
			"timesecs":	1695643003
		},
		"connecting_to":	{
			"host":	"10.0.0.2",
			"port":	5201
		},
		"cookie":	"sipqegyfu3lf7e26shzgj3f6t4c47csg6dyx",
		"tcp_mss_default":	1448,
		"sock_bufsize":	0,
		"sndbuf_actual":	87380,
		"rcvbuf_actual":	87380,
		"test_start":	{
			"protocol":	"TCP",
			"num_streams":	1,
			"blksize":	131072,
			"omit":	0,
			"duration":	10,
			"bytes":	0,
			"blocks":	0,
			"reverse":	0,
			"tos":	0
		}
	},
	"intervals":	[{
			"streams":	[{
					"socket":	5,
					"start":	0,
					"end":	1.000045,
					"seconds":	1.0000449419021606,
					"bytes":	4700494784,
					"bits_per_second":	37602268354.534592,
					"retransmits":	0,
					"snd_cwnd":	1083104,
					"rtt":	20,
					"rttvar":	5,
					"pmtu":	1500,
					"omitted":	false,
					"sender":	true
				}],
			"sum":	{
				"start":	0,
				"end":	1.000045,
				"seconds":	1.0000449419021606,
				"bytes":	4700494784,
				"bits_per_second":	37602268354.534592,
				"retransmits":	0,
				"omitted":	false,
				"sender":	true
			}
		}, {
			"streams":	[{
					"socket":	5,
					"start":	1.000045,
					"end":	2.000107,
					"seconds":	1.0000619888305664,
					"bytes":	5029232640,
					"bits_per_second":	40231367224.593658,
					"retransmits":	0,
					"snd_cwnd":	1455240,
					"rtt":	29,
					"rttvar":	14,
					"pmtu":	1500,
					"omitted":	false,
					"sender":	true
				}],
			"sum":	{
				"start":	1.000045,
				"end":	2.000107,
				"seconds":	1.0000619888305664,
				"bytes":	5029232640,
				"bits_per_second":	40231367224.593658,
				"retransmits":	0,
				"omitted":	false,
				"sender":	true
			}
		}, {
			"streams":	[{
					"socket":	5,
					"start":	2.000107,
					"end":	3.000175,
					"seconds":	1.0000679492950439,
					"bytes":	4934860800,
					"bits_per_second":	39476204019.765846,
					"retransmits":	0,
					"snd_cwnd":	1879504,
					"rtt":	22,
					"rttvar":	1,
					"pmtu":	1500,
					"omitted":	false,
					"sender":	true
				}],
			"sum":	{
				"start":	2.000107,
				"end":	3.000175,
				"seconds":	1.0000679492950439,
				"bytes":	4934860800,
				"bits_per_second":	39476204019.765846,
				"retransmits":	0,
				"omitted":	false,
				"sender":	true
			}
		}, {
			"streams":	[{
					"socket":	5,
					"start":	3.000175,
					"end":	4.000075,
					"seconds":	0.99989998340606689,
					"bytes":	4550819840,
					"bits_per_second":	36410200344.222855,
					"retransmits":	0,
					"snd_cwnd":	2667216,
					"rtt":	22,
					"rttvar":	5,
					"pmtu":	1500,
					"omitted":	false,
					"sender":	true
				}],
			"sum":	{
				"start":	3.000175,
				"end":	4.000075,
				"seconds":	0.99989998340606689,
				"bytes":	4550819840,
				"bits_per_second":	36410200344.222855,
				"retransmits":	0,
				"omitted":	false,
				"sender":	true
			}
		}, {
			"streams":	[{
					"socket":	5,
					"start":	4.000075,
					"end":	5.000036,
					"seconds":	0.99996101856231689,
					"bytes":	5037096960,
					"bits_per_second":	40298346567.485451,
					"retransmits":	0,
					"snd_cwnd":	3111752,
					"rtt":	26,
					"rttvar":	1,
					"pmtu":	1500,
					"omitted":	false,
					"sender":	true
				}],
			"sum":	{
				"start":	4.000075,
				"end":	5.000036,
				"seconds":	0.99996101856231689,
				"bytes":	5037096960,
				"bits_per_second":	40298346567.485451,
				"retransmits":	0,
				"omitted":	false,
				"sender":	true
			}
		}, {
			"streams":	[{
					"socket":	5,
					"start":	5.000036,
					"end":	6.000136,
					"seconds":	1.0001000165939331,
					"bytes":	4917821440,
					"bits_per_second":	39338637003.516937,
					"retransmits":	0,
					"snd_cwnd":	4681384,
					"rtt":	24,
					"rttvar":	5,
					"pmtu":	1500,
					"omitted":	false,
					"sender":	true
				}],
			"sum":	{
				"start":	5.000036,
				"end":	6.000136,
				"seconds":	1.0001000165939331,
				"bytes":	4917821440,
				"bits_per_second":	39338637003.516937,
				"retransmits":	0,
				"omitted":	false,
				"sender":	true
			}
		}, {
			"streams":	[{
					"socket":	5,
					"start":	6.000136,
					"end":	7.000031,
					"seconds":	0.99989497661590576,
					"bytes":	4609802240,
					"bits_per_second":	36882291423.0584,
					"retransmits":	0,
					"snd_cwnd":	4681384,
					"rtt":	61,
					"rttvar":	39,
					"pmtu":	1500,
					"omitted":	false,
					"sender":	true
				}],
			"sum":	{
				"start":	6.000136,
				"end":	7.000031,
				"seconds":	0.99989497661590576,
				"bytes":	4609802240,
				"bits_per_second":	36882291423.0584,
				"retransmits":	0,
				"omitted":	false,
				"sender":	true
			}
		}, {
			"streams":	[{
					"socket":	5,
					"start":	7.000031,
					"end":	8.000168,
					"seconds":	1.0001369714736938,
					"bytes":	4903403520,
					"bits_per_second":	39221855884.59848,
					"retransmits":	0,
					"snd_cwnd":	4915960,
					"rtt":	35,
					"rttvar":	12,
					"pmtu":	1500,
					"omitted":	false,
					"sender":	true
				}],
			"sum":	{
				"start":	7.000031,
				"end":	8.000168,
				"seconds":	1.0001369714736938,
				"bytes":	4903403520,
				"bits_per_second":	39221855884.59848,
				"retransmits":	0,
				"omitted":	false,
				"sender":	true
			}
		}, {
			"streams":	[{
					"socket":	5,
					"start":	8.000168,
					"end":	9.00029,
					"seconds":	1.0001219511032104,
					"bytes":	4681891840,
					"bits_per_second":	37450567581.967522,
					"retransmits":	0,
					"snd_cwnd":	5419864,
					"rtt":	38,
					"rttvar":	30,
					"pmtu":	1500,
					"omitted":	false,
					"sender":	true
				}],
			"sum":	{
				"start":	8.000168,
				"end":	9.00029,
				"seconds":	1.0001219511032104,
				"bytes":	4681891840,
				"bits_per_second":	37450567581.967522,
				"retransmits":	0,
				"omitted":	false,
				"sender":	true
			}
		}, {
			"streams":	[{
					"socket":	5,
					"start":	9.00029,
					"end":	10.000253,
					"seconds":	0.99996298551559448,
					"bytes":	4824760320,
					"bits_per_second":	38599511301.009109,
					"retransmits":	0,
					"snd_cwnd":	5694984,
					"rtt":	27,
					"rttvar":	10,
					"pmtu":	1500,
					"omitted":	false,
					"sender":	true
				}],
			"sum":	{
				"start":	9.00029,
				"end":	10.000253,
				"seconds":	0.99996298551559448,
				"bytes":	4824760320,
				"bits_per_second":	38599511301.009109,
				"retransmits":	0,
				"omitted":	false,
				"sender":	true
			}
		}],
	"end":	{
		"streams":	[{
				"sender":	{
					"socket":	5,
					"start":	0,
					"end":	10.000253,
					"seconds":	10.000253,
					"bytes":	48190184384,
					"bits_per_second":	38551172162.544289,
					"retransmits":	0,
					"max_snd_cwnd":	5694984,
					"max_rtt":	61,
					"min_rtt":	20,
					"mean_rtt":	30,
					"sender":	true
				},
				"receiver":	{
					"socket":	5,
					"start":	0,
					"end":	10.003276,
					"seconds":	10.000253,
					"bytes":	48190184384,
					"bits_per_second":	38539521959.805969,
					"sender":	true
				}
			}],
		"sum_sent":	{
			"start":	0,
			"end":	10.000253,
			"seconds":	10.000253,
			"bytes":	48190184384,
			"bits_per_second":	38551172162.544289,
			"retransmits":	0,
			"sender":	true
		},
		"sum_received":	{
			"start":	0,
			"end":	10.003276,
			"seconds":	10.003276,
			"bytes":	48190184384,
			"bits_per_second":	38539521959.805969,
			"sender":	true
		},
		"cpu_utilization_percent":	{
			"host_total":	99.76848094188378,
			"host_user":	0.72120943733856169,
			"host_system":	99.047241535733761,
			"remote_total":	27.811477516247617,
			"remote_user":	1.0173608623054784,
			"remote_system":	26.794103766168359
		},
		"sender_tcp_congestion":	"cubic",
		"receiver_tcp_congestion":	"cubic"
	}
}
