{
	"start":	{
		"connected":	[{
				"socket":	5,
				"local_host":	"10.0.0.1",
				"local_port":	32832,
				"remote_host":	"10.0.0.2",
				"remote_port":	5201
			}],
		"version":	"iperf 3.7",
		"system_info":	"Linux mininet-vm 5.4.0-42-generic #46-Ubuntu SMP Fri Jul 10 00:24:02 UTC 2020 x86_64",
		"timestamp":	{
			"time":	"Tue, 07 Nov 2023 11:03:01 GMT",
			"timesecs":	1699354981
		},
		"connecting_to":	{
			"host":	"10.0.0.2",
			"port":	5201
		},
		"cookie":	"g3dtwy6fa2j5xf2ue2lshmfac2tqpx7upduu",
		"tcp_mss_default":	1448,
		"sock_bufsize":	0,
		"sndbuf_actual":	87380,
		"rcvbuf_actual":	87380,
		"test_start":	{
			"protocol":	"TCP",
			"num_streams":	1,
			"blksize":	131072,
			"omit":	0,
			"duration":	10,
			"bytes":	0,
			"blocks":	0,
			"reverse":	0,
			"tos":	0
		}
	},
	"intervals":	[{
			"streams":	[{
					"socket":	5,
					"start":	0,
					"end":	1.000106,
					"seconds":	1.0001059770584106,
					"bytes":	4834342384,
					"bits_per_second":	38670640871.233612,
					"retransmits":	0,
					"snd_cwnd":	1010704,
					"rtt":	28,
					"rttvar":	9,
					"pmtu":	1500,
					"omitted":	false,
					"sender":	true
				}],
			"sum":	{
				"start":	0,
				"end":	1.000106,
				"seconds":	1.0001059770584106,
				"bytes":	4834342384,
				"bits_per_second":	38670640871.233612,
				"retransmits":	0,
				"omitted":	false,
				"sender":	true
			}
		}, {
			"streams":	[{
					"socket":	5,
					"start":	1.000106,
					"end":	2.000023,
					"seconds":	0.99991697072982788,
					"bytes":	4701552640,
					"bits_per_second":	37615544311.191284,
					"retransmits":	231,
					"snd_cwnd":	1028080,
					"rtt":	24,
					"rttvar":	5,
					"pmtu":	1500,
					"omitted":	false,
					"sender":	true
				}],
			"sum":	{
				"start":	1.000106,
				"end":	2.000023,
				"seconds":	0.99991697072982788,
				"bytes":	4701552640,
				"bits_per_second":	37615544311.191284,
				"retransmits":	231,
				"omitted":	false,
				"sender":	true
			}
		}, {
			"streams":	[{
					"socket":	5,
					"start":	2.000023,
					"end":	3.000124,
					"seconds":	1.0001009702682495,
					"bytes":	4874567680,
					"bits_per_second":	38992604346.279411,
					"retransmits":	1,
					"snd_cwnd":	1028080,
					"rtt":	26,
					"rttvar":	7,
					"pmtu":	1500,
					"omitted":	false,
					"sender":	true
				}],
			"sum":	{
				"start":	2.000023,
				"end":	3.000124,
				"seconds":	1.0001009702682495,
				"bytes":	4874567680,
				"bits_per_second":	38992604346.279411,
				"retransmits":	1,
				"omitted":	false,
				"sender":	true
			}
		}, {
			"streams":	[{
					"socket":	5,
					"start":	3.000124,
					"end":	4.000275,
					"seconds":	1.0001510381698608,
					"bytes":	4879810560,
					"bits_per_second":	39032589069.18206,
					"retransmits":	0,
					"snd_cwnd":	1036768,
					"rtt":	29,
					"rttvar":	6,
					"pmtu":	1500,
					"omitted":	false,
					"sender":	true
				}],
			"sum":	{
				"start":	3.000124,
				"end":	4.000275,
				"seconds":	1.0001510381698608,
				"bytes":	4879810560,
				"bits_per_second":	39032589069.18206,
				"retransmits":	0,
				"omitted":	false,
				"sender":	true
			}
		}, {
			"streams":	[{
					"socket":	5,
					"start":	4.000275,
					"end":	5.000161,
					"seconds":	0.99988597631454468,
					"bytes":	4790681600,
					"bits_per_second":	38329823307.7164,
					"retransmits":	0,
					"snd_cwnd":	1070072,
					"rtt":	34,
					"rttvar":	11,
					"pmtu":	1500,
					"omitted":	false,
					"sender":	true
				}],
			"sum":	{
				"start":	4.000275,
				"end":	5.000161,
				"seconds":	0.99988597631454468,
				"bytes":	4790681600,
				"bits_per_second":	38329823307.7164,
				"retransmits":	0,
				"omitted":	false,
				"sender":	true
			}
		}, {
			"streams":	[{
					"socket":	5,
					"start":	5.000161,
					"end":	6.000149,
					"seconds":	0.99998801946640015,
					"bytes":	4764467200,
					"bits_per_second":	38116194252.34594,
					"retransmits":	1,
					"snd_cwnd":	1070072,
					"rtt":	30,
					"rttvar":	7,
					"pmtu":	1500,
					"omitted":	false,
					"sender":	true
				}],
			"sum":	{
				"start":	5.000161,
				"end":	6.000149,
				"seconds":	0.99998801946640015,
				"bytes":	4764467200,
				"bits_per_second":	38116194252.34594,
				"retransmits":	1,
				"omitted":	false,
				"sender":	true
			}
		}, {
			"streams":	[{
					"socket":	5,
					"start":	6.000149,
					"end":	7.000082,
					"seconds":	0.99993300437927246,
					"bytes":	4710727680,
					"bits_per_second":	37688346394.160873,
					"retransmits":	0,
					"snd_cwnd":	1180120,
					"rtt":	28,
					"rttvar":	7,
					"pmtu":	1500,
					"omitted":	false,
					"sender":	true
				}],
			"sum":	{
				"start":	6.000149,
				"end":	7.000082,
				"seconds":	0.99993300437927246,
				"bytes":	4710727680,
				"bits_per_second":	37688346394.160873,
				"retransmits":	0,
				"omitted":	false,
				"sender":	true
			}
		}, {
			"streams":	[{
					"socket":	5,
					"start":	7.000082,
					"end":	8.000132,
					"seconds":	1.0000499486923218,
					"bytes":	4753981440,
					"bits_per_second":	38029951973.62986,
					"retransmits":	1,
					"snd_cwnd":	1180120,
					"rtt":	32,
					"rttvar":	12,
					"pmtu":	1500,
					"omitted":	false,
					"sender":	true
				}],
			"sum":	{
				"start":	7.000082,
				"end":	8.000132,
				"seconds":	1.0000499486923218,
				"bytes":	4753981440,
				"bits_per_second":	38029951973.62986,
				"retransmits":	1,
				"omitted":	false,
				"sender":	true
			}
		}, {
			"streams":	[{
					"socket":	5,
					"start":	8.000132,
					"end":	9.000138,
					"seconds":	1.0000059604644775,
					"bytes":	4729077760,
					"bits_per_second":	37832396581.344078,
					"retransmits":	276,
					"snd_cwnd":	902104,
					"rtt":	28,
					"rttvar":	13,
					"pmtu":	1500,
					"omitted":	false,
					"sender":	true
				}],
			"sum":	{
				"start":	8.000132,
				"end":	9.000138,
				"seconds":	1.0000059604644775,
				"bytes":	4729077760,
				"bits_per_second":	37832396581.344078,
				"retransmits":	276,
				"omitted":	false,
				"sender":	true
			}
		}, {
			"streams":	[{
					"socket":	5,
					"start":	9.000138,
					"end":	10.000183,
					"seconds":	1.0000449419021606,
					"bytes":	4723834880,
					"bits_per_second":	37788980731.325226,
					"retransmits":	0,
					"snd_cwnd":	1015048,
					"rtt":	29,
					"rttvar":	11,
					"pmtu":	1500,
					"omitted":	false,
					"sender":	true
				}],
			"sum":	{
				"start":	9.000138,
				"end":	10.000183,
				"seconds":	1.0000449419021606,
				"bytes":	4723834880,
				"bits_per_second":	37788980731.325226,
				"retransmits":	0,
				"omitted":	false,
				"sender":	true
			}
		}],
	"end":	{
		"streams":	[{
				"sender":	{
					"socket":	5,
					"start":	0,
					"end":	10.000183,
					"seconds":	10.000183,
					"bytes":	47763043824,
					"bits_per_second":	38209735821.034477,
					"retransmits":	510,
					"max_snd_cwnd":	1180120,
					"max_rtt":	34,
					"min_rtt":	24,
					"mean_rtt":	28,
					"sender":	true
				},
				"receiver":	{
					"socket":	5,
					"start":	0,
					"end":	10.000257,
					"seconds":	10.000183,
					"bytes":	47763043824,
					"bits_per_second":	38209453076.255943,
					"sender":	true
				}
			}],
		"sum_sent":	{
			"start":	0,
			"end":	10.000183,
			"seconds":	10.000183,
			"bytes":	47763043824,
			"bits_per_second":	38209735821.034477,
			"retransmits":	510,
			"sender":	true
		},
		"sum_received":	{
			"start":	0,
			"end":	10.000257,
			"seconds":	10.000257,
			"bytes":	47763043824,
			"bits_per_second":	38209453076.255943,
			"sender":	true
		},
		"cpu_utilization_percent":	{
			"host_total":	99.337376889470264,
			"host_user":	0.46842578763932191,
			"host_system":	98.86895110183093,
			"remote_total":	81.990982383146374,
			"remote_user":	3.6976558545577589,
			"remote_system":	78.293326528588608
		},
		"sender_tcp_congestion":	"cubic",
		"receiver_tcp_congestion":	"cubic"
	}
}
