{
	"start":	{
		"connected":	[{
				"socket":	7,
				"local_host":	"10.0.0.1",
				"local_port":	41146,
				"remote_host":	"10.0.0.2",
				"remote_port":	5201
			}],
		"version":	"iperf 3.7",
		"system_info":	"Linux mininet-vm 5.4.0-42-generic #46-Ubuntu SMP Fri Jul 10 00:24:02 UTC 2020 x86_64",
		"timestamp":	{
			"time":	"Mon, 11 Sep 2023 10:05:49 GMT",
			"timesecs":	1694426749
		},
		"connecting_to":	{
			"host":	"10.0.0.2",
			"port":	5201
		},
		"cookie":	"4ytw7tbwrov3syb5tctezh6bpjf5urhaw4nw",
		"tcp_mss_default":	1448,
		"sock_bufsize":	0,
		"sndbuf_actual":	87380,
		"rcvbuf_actual":	87380,
		"test_start":	{
			"protocol":	"TCP",
			"num_streams":	1,
			"blksize":	131072,
			"omit":	0,
			"duration":	10,
			"bytes":	0,
			"blocks":	0,
			"reverse":	0,
			"tos":	0
		}
	},
	"intervals":	[{
			"streams":	[{
					"socket":	7,
					"start":	0,
					"end":	1.000494,
					"seconds":	1.0004940032958984,
					"bytes":	3817309712,
					"bits_per_second":	30523399036.274059,
					"retransmits":	11,
					"snd_cwnd":	6041056,
					"rtt":	71,
					"rttvar":	95,
					"pmtu":	1500,
					"omitted":	false,
					"sender":	true
				}],
			"sum":	{
				"start":	0,
				"end":	1.000494,
				"seconds":	1.0004940032958984,
				"bytes":	3817309712,
				"bits_per_second":	30523399036.274059,
				"retransmits":	11,
				"omitted":	false,
				"sender":	true
			}
		}, {
			"streams":	[{
					"socket":	7,
					"start":	1.000494,
					"end":	2.000957,
					"seconds":	1.0004630088806152,
					"bytes":	3812884480,
					"bits_per_second":	30488959181.138416,
					"retransmits":	0,
					"snd_cwnd":	6041056,
					"rtt":	145,
					"rttvar":	179,
					"pmtu":	1500,
					"omitted":	false,
					"sender":	true
				}],
			"sum":	{
				"start":	1.000494,
				"end":	2.000957,
				"seconds":	1.0004630088806152,
				"bytes":	3812884480,
				"bits_per_second":	30488959181.138416,
				"retransmits":	0,
				"omitted":	false,
				"sender":	true
			}
		}, {
			"streams":	[{
					"socket":	7,
					"start":	2.000957,
					"end":	3.000162,
					"seconds":	0.99920499324798584,
					"bytes":	3848273920,
					"bits_per_second":	30810686063.454636,
					"retransmits":	0,
					"snd_cwnd":	20468928,
					"rtt":	25,
					"rttvar":	6,
					"pmtu":	1500,
					"omitted":	false,
					"sender":	true
				}],
			"sum":	{
				"start":	2.000957,
				"end":	3.000162,
				"seconds":	0.99920499324798584,
				"bytes":	3848273920,
				"bits_per_second":	30810686063.454636,
				"retransmits":	0,
				"omitted":	false,
				"sender":	true
			}
		}, {
			"streams":	[{
					"socket":	7,
					"start":	3.000162,
					"end":	4.000292,
					"seconds":	1.0001300573349,
					"bytes":	4124835840,
					"bits_per_second":	32994395556.847244,
					"retransmits":	0,
					"snd_cwnd":	20468928,
					"rtt":	22,
					"rttvar":	5,
					"pmtu":	1500,
					"omitted":	false,
					"sender":	true
				}],
			"sum":	{
				"start":	3.000162,
				"end":	4.000292,
				"seconds":	1.0001300573349,
				"bytes":	4124835840,
				"bits_per_second":	32994395556.847244,
				"retransmits":	0,
				"omitted":	false,
				"sender":	true
			}
		}, {
			"streams":	[{
					"socket":	7,
					"start":	4.000292,
					"end":	5.000158,
					"seconds":	0.99986600875854492,
					"bytes":	4067164160,
					"bits_per_second":	32541673579.241909,
					"retransmits":	0,
					"snd_cwnd":	20468928,
					"rtt":	25,
					"rttvar":	8,
					"pmtu":	1500,
					"omitted":	false,
					"sender":	true
				}],
			"sum":	{
				"start":	4.000292,
				"end":	5.000158,
				"seconds":	0.99986600875854492,
				"bytes":	4067164160,
				"bits_per_second":	32541673579.241909,
				"retransmits":	0,
				"omitted":	false,
				"sender":	true
			}
		}, {
			"streams":	[{
					"socket":	7,
					"start":	5.000158,
					"end":	6.000059,
					"seconds":	0.99990099668502808,
					"bytes":	3777495040,
					"bits_per_second":	30222952492.484997,
					"retransmits":	0,
					"snd_cwnd":	20468928,
					"rtt":	26,
					"rttvar":	7,
					"pmtu":	1500,
					"omitted":	false,
					"sender":	true
				}],
			"sum":	{
				"start":	5.000158,
				"end":	6.000059,
				"seconds":	0.99990099668502808,
				"bytes":	3777495040,
				"bits_per_second":	30222952492.484997,
				"retransmits":	0,
				"omitted":	false,
				"sender":	true
			}
		}, {
			"streams":	[{
					"socket":	7,
					"start":	6.000059,
					"end":	7.000448,
					"seconds":	1.0003889799118042,
					"bytes":	3710648320,
					"bits_per_second":	29673644108.531754,
					"retransmits":	0,
					"snd_cwnd":	20468928,
					"rtt":	79,
					"rttvar":	23,
					"pmtu":	1500,
					"omitted":	false,
					"sender":	true
				}],
			"sum":	{
				"start":	6.000059,
				"end":	7.000448,
				"seconds":	1.0003889799118042,
				"bytes":	3710648320,
				"bits_per_second":	29673644108.531754,
				"retransmits":	0,
				"omitted":	false,
				"sender":	true
			}
		}, {
			"streams":	[{
					"socket":	7,
					"start":	7.000448,
					"end":	8.000183,
					"seconds":	0.99973499774932861,
					"bytes":	4103864320,
					"bits_per_second":	32839617132.451286,
					"retransmits":	0,
					"snd_cwnd":	20468928,
					"rtt":	32,
					"rttvar":	13,
					"pmtu":	1500,
					"omitted":	false,
					"sender":	true
				}],
			"sum":	{
				"start":	7.000448,
				"end":	8.000183,
				"seconds":	0.99973499774932861,
				"bytes":	4103864320,
				"bits_per_second":	32839617132.451286,
				"retransmits":	0,
				"omitted":	false,
				"sender":	true
			}
		}, {
			"streams":	[{
					"socket":	7,
					"start":	8.000183,
					"end":	9.000144,
					"seconds":	0.99996101856231689,
					"bytes":	4110417920,
					"bits_per_second":	32884625249.969913,
					"retransmits":	0,
					"snd_cwnd":	20468928,
					"rtt":	32,
					"rttvar":	9,
					"pmtu":	1500,
					"omitted":	false,
					"sender":	true
				}],
			"sum":	{
				"start":	8.000183,
				"end":	9.000144,
				"seconds":	0.99996101856231689,
				"bytes":	4110417920,
				"bits_per_second":	32884625249.969913,
				"retransmits":	0,
				"omitted":	false,
				"sender":	true
			}
		}, {
			"streams":	[{
					"socket":	7,
					"start":	9.000144,
					"end":	10.000036,
					"seconds":	0.999891996383667,
					"bytes":	3757834240,
					"bits_per_second":	30065921148.212391,
					"retransmits":	0,
					"snd_cwnd":	20468928,
					"rtt":	23,
					"rttvar":	5,
					"pmtu":	1500,
					"omitted":	false,
					"sender":	true
				}],
			"sum":	{
				"start":	9.000144,
				"end":	10.000036,
				"seconds":	0.999891996383667,
				"bytes":	3757834240,
				"bits_per_second":	30065921148.212391,
				"retransmits":	0,
				"omitted":	false,
				"sender":	true
			}
		}],
	"end":	{
		"streams":	[{
				"sender":	{
					"socket":	7,
					"start":	0,
					"end":	10.000036,
					"seconds":	10.000036,
					"bytes":	39130727952,
					"bits_per_second":	31304469665.509205,
					"retransmits":	11,
					"max_snd_cwnd":	20468928,
					"max_rtt":	145,
					"min_rtt":	22,
					"mean_rtt":	48,
					"sender":	true
				},
				"receiver":	{
					"socket":	7,
					"start":	0,
					"end":	10.000655,
					"seconds":	10.000036,
					"bytes":	39130596880,
					"bits_per_second":	31302427195.018726,
					"sender":	true
				}
			}],
		"sum_sent":	{
			"start":	0,
			"end":	10.000036,
			"seconds":	10.000036,
			"bytes":	39130727952,
			"bits_per_second":	31304469665.509205,
			"retransmits":	11,
			"sender":	true
		},
		"sum_received":	{
			"start":	0,
			"end":	10.000655,
			"seconds":	10.000655,
			"bytes":	39130596880,
			"bits_per_second":	31302427195.018726,
			"sender":	true
		},
		"cpu_utilization_percent":	{
			"host_total":	99.28595648183574,
			"host_user":	0.85603349050311639,
			"host_system":	98.429922991332631,
			"remote_total":	5.4295235907591142,
			"remote_user":	0.36421804949184533,
			"remote_system":	5.0653048935416658
		},
		"sender_tcp_congestion":	"cubic",
		"receiver_tcp_congestion":	"cubic"
	}
}
