{
	"start":	{
		"connected":	[{
				"socket":	5,
				"local_host":	"10.0.0.1",
				"local_port":	32822,
				"remote_host":	"10.0.0.2",
				"remote_port":	5201
			}],
		"version":	"iperf 3.7",
		"system_info":	"Linux mininet-vm 5.4.0-42-generic #46-Ubuntu SMP Fri Jul 10 00:24:02 UTC 2020 x86_64",
		"timestamp":	{
			"time":	"Tue, 07 Nov 2023 10:58:56 GMT",
			"timesecs":	1699354736
		},
		"connecting_to":	{
			"host":	"10.0.0.2",
			"port":	5201
		},
		"cookie":	"ogrnilkeeumzvmhwchyykuycniguzqipbmnj",
		"tcp_mss_default":	1448,
		"sock_bufsize":	0,
		"sndbuf_actual":	87380,
		"rcvbuf_actual":	87380,
		"test_start":	{
			"protocol":	"TCP",
			"num_streams":	1,
			"blksize":	131072,
			"omit":	0,
			"duration":	10,
			"bytes":	0,
			"blocks":	0,
			"reverse":	0,
			"tos":	0
		}
	},
	"intervals":	[{
			"streams":	[{
					"socket":	5,
					"start":	0,
					"end":	1.000135,
					"seconds":	1.0001349449157715,
					"bytes":	4545365120,
					"bits_per_second":	36358014630.77803,
					"retransmits":	14,
					"snd_cwnd":	401096,
					"rtt":	30,
					"rttvar":	8,
					"pmtu":	1500,
					"omitted":	false,
					"sender":	true
				}],
			"sum":	{
				"start":	0,
				"end":	1.000135,
				"seconds":	1.0001349449157715,
				"bytes":	4545365120,
				"bits_per_second":	36358014630.77803,
				"retransmits":	14,
				"omitted":	false,
				"sender":	true
			}
		}, {
			"streams":	[{
					"socket":	5,
					"start":	1.000135,
					"end":	2.000073,
					"seconds":	0.99993801116943359,
					"bytes":	4770612344,
					"bits_per_second":	38167264696.104431,
					"retransmits":	0,
					"snd_cwnd":	401096,
					"rtt":	24,
					"rttvar":	5,
					"pmtu":	1500,
					"omitted":	false,
					"sender":	true
				}],
			"sum":	{
				"start":	1.000135,
				"end":	2.000073,
				"seconds":	0.99993801116943359,
				"bytes":	4770612344,
				"bits_per_second":	38167264696.104431,
				"retransmits":	0,
				"omitted":	false,
				"sender":	true
			}
		}, {
			"streams":	[{
					"socket":	5,
					"start":	2.000073,
					"end":	3.000238,
					"seconds":	1.0001649856567383,
					"bytes":	4824228536,
					"bits_per_second":	38587461910.254875,
					"retransmits":	0,
					"snd_cwnd":	402544,
					"rtt":	32,
					"rttvar":	8,
					"pmtu":	1500,
					"omitted":	false,
					"sender":	true
				}],
			"sum":	{
				"start":	2.000073,
				"end":	3.000238,
				"seconds":	1.0001649856567383,
				"bytes":	4824228536,
				"bits_per_second":	38587461910.254875,
				"retransmits":	0,
				"omitted":	false,
				"sender":	true
			}
		}, {
			"streams":	[{
					"socket":	5,
					"start":	3.000238,
					"end":	4.000208,
					"seconds":	0.999970018863678,
					"bytes":	4594073600,
					"bits_per_second":	36753690717.411736,
					"retransmits":	0,
					"snd_cwnd":	403992,
					"rtt":	25,
					"rttvar":	6,
					"pmtu":	1500,
					"omitted":	false,
					"sender":	true
				}],
			"sum":	{
				"start":	3.000238,
				"end":	4.000208,
				"seconds":	0.999970018863678,
				"bytes":	4594073600,
				"bits_per_second":	36753690717.411736,
				"retransmits":	0,
				"omitted":	false,
				"sender":	true
			}
		}, {
			"streams":	[{
					"socket":	5,
					"start":	4.000208,
					"end":	5.000038,
					"seconds":	0.99983000755310059,
					"bytes":	4700241920,
					"bits_per_second":	37608328491.784119,
					"retransmits":	0,
					"snd_cwnd":	403992,
					"rtt":	24,
					"rttvar":	5,
					"pmtu":	1500,
					"omitted":	false,
					"sender":	true
				}],
			"sum":	{
				"start":	4.000208,
				"end":	5.000038,
				"seconds":	0.99983000755310059,
				"bytes":	4700241920,
				"bits_per_second":	37608328491.784119,
				"retransmits":	0,
				"omitted":	false,
				"sender":	true
			}
		}, {
			"streams":	[{
					"socket":	5,
					"start":	5.000038,
					"end":	6.000098,
					"seconds":	1.000059962272644,
					"bytes":	4621311200,
					"bits_per_second":	36968272898.341293,
					"retransmits":	1,
					"snd_cwnd":	476392,
					"rtt":	26,
					"rttvar":	6,
					"pmtu":	1500,
					"omitted":	false,
					"sender":	true
				}],
			"sum":	{
				"start":	5.000038,
				"end":	6.000098,
				"seconds":	1.000059962272644,
				"bytes":	4621311200,
				"bits_per_second":	36968272898.341293,
				"retransmits":	1,
				"omitted":	false,
				"sender":	true
			}
		}, {
			"streams":	[{
					"socket":	5,
					"start":	6.000098,
					"end":	7.000174,
					"seconds":	1.0000760555267334,
					"bytes":	4606800688,
					"bits_per_second":	36851602735.942947,
					"retransmits":	0,
					"snd_cwnd":	606712,
					"rtt":	22,
					"rttvar":	5,
					"pmtu":	1500,
					"omitted":	false,
					"sender":	true
				}],
			"sum":	{
				"start":	6.000098,
				"end":	7.000174,
				"seconds":	1.0000760555267334,
				"bytes":	4606800688,
				"bits_per_second":	36851602735.942947,
				"retransmits":	0,
				"omitted":	false,
				"sender":	true
			}
		}, {
			"streams":	[{
					"socket":	5,
					"start":	7.000174,
					"end":	8.000085,
					"seconds":	0.99991101026535034,
					"bytes":	4697620480,
					"bits_per_second":	37584308457.636635,
					"retransmits":	0,
					"snd_cwnd":	613952,
					"rtt":	30,
					"rttvar":	6,
					"pmtu":	1500,
					"omitted":	false,
					"sender":	true
				}],
			"sum":	{
				"start":	7.000174,
				"end":	8.000085,
				"seconds":	0.99991101026535034,
				"bytes":	4697620480,
				"bits_per_second":	37584308457.636635,
				"retransmits":	0,
				"omitted":	false,
				"sender":	true
			}
		}, {
			"streams":	[{
					"socket":	5,
					"start":	8.000085,
					"end":	9.00007,
					"seconds":	0.9999849796295166,
					"bytes":	4486594560,
					"bits_per_second":	35893295610.597939,
					"retransmits":	0,
					"snd_cwnd":	635672,
					"rtt":	30,
					"rttvar":	13,
					"pmtu":	1500,
					"omitted":	false,
					"sender":	true
				}],
			"sum":	{
				"start":	8.000085,
				"end":	9.00007,
				"seconds":	0.9999849796295166,
				"bytes":	4486594560,
				"bits_per_second":	35893295610.597939,
				"retransmits":	0,
				"omitted":	false,
				"sender":	true
			}
		}, {
			"streams":	[{
					"socket":	5,
					"start":	9.00007,
					"end":	10.000304,
					"seconds":	1.0002340078353882,
					"bytes":	4649123840,
					"bits_per_second":	37184289304.9493,
					"retransmits":	0,
					"snd_cwnd":	660288,
					"rtt":	29,
					"rttvar":	4,
					"pmtu":	1500,
					"omitted":	false,
					"sender":	true
				}],
			"sum":	{
				"start":	9.00007,
				"end":	10.000304,
				"seconds":	1.0002340078353882,
				"bytes":	4649123840,
				"bits_per_second":	37184289304.9493,
				"retransmits":	0,
				"omitted":	false,
				"sender":	true
			}
		}],
	"end":	{
		"streams":	[{
				"sender":	{
					"socket":	5,
					"start":	0,
					"end":	10.000304,
					"seconds":	10.000304,
					"bytes":	46495972288,
					"bits_per_second":	37195647082.728683,
					"retransmits":	15,
					"max_snd_cwnd":	660288,
					"max_rtt":	32,
					"min_rtt":	22,
					"mean_rtt":	27,
					"sender":	true
				},
				"receiver":	{
					"socket":	5,
					"start":	0,
					"end":	10.00045,
					"seconds":	10.000304,
					"bytes":	46495972288,
					"bits_per_second":	37195104050.717712,
					"sender":	true
				}
			}],
		"sum_sent":	{
			"start":	0,
			"end":	10.000304,
			"seconds":	10.000304,
			"bytes":	46495972288,
			"bits_per_second":	37195647082.728683,
			"retransmits":	15,
			"sender":	true
		},
		"sum_received":	{
			"start":	0,
			"end":	10.00045,
			"seconds":	10.00045,
			"bytes":	46495972288,
			"bits_per_second":	37195104050.717712,
			"sender":	true
		},
		"cpu_utilization_percent":	{
			"host_total":	98.50359017679358,
			"host_user":	0.62608815183716593,
			"host_system":	97.8775120148746,
			"remote_total":	81.227428031444376,
			"remote_user":	3.8604435161953261,
			"remote_system":	77.366964553856391
		},
		"sender_tcp_congestion":	"cubic",
		"receiver_tcp_congestion":	"cubic"
	}
}
